run,K,sw,lambda,block_id,block_name,num_F,num_R,F_ratio_block,total_cost_J_sum_zones,k_per_zone
sweep_K10_sw3_lam1.0,10,3,1.0,0,model.input_blocks.0,53,147,0.265,2.44688645,4;4;4;4;4;4;2;3
sweep_K10_sw3_lam1.0,10,3,1.0,1,model.input_blocks.1,53,147,0.265,2.44688645,4;4;4;4;4;4;2;3
sweep_K10_sw3_lam1.0,10,3,1.0,2,model.input_blocks.10,53,147,0.265,2.44688645,4;4;4;4;4;4;2;3
sweep_K10_sw3_lam1.0,10,3,1.0,3,model.input_blocks.11,53,147,0.265,2.44791062,4;4;4;4;4;4;2;3
sweep_K10_sw3_lam1.0,10,3,1.0,4,model.input_blocks.2,53,147,0.265,2.57807831,4;4;4;4;4;4;2;3
sweep_K10_sw3_lam1.0,10,3,1.0,5,model.input_blocks.3,53,147,0.265,2.54724183,4;4;4;4;4;4;2;3
sweep_K10_sw3_lam1.0,10,3,1.0,6,model.input_blocks.4,53,147,0.265,2.51767171,4;4;4;4;4;4;2;3
sweep_K10_sw3_lam1.0,10,3,1.0,7,model.input_blocks.5,53,147,0.265,2.44688645,4;4;4;4;4;4;2;3
sweep_K10_sw3_lam1.0,10,3,1.0,8,model.input_blocks.6,53,147,0.265,2.44688645,4;4;4;4;4;4;2;3
sweep_K10_sw3_lam1.0,10,3,1.0,9,model.input_blocks.7,53,147,0.265,2.49838258,4;4;4;4;4;4;2;3
sweep_K10_sw3_lam1.0,10,3,1.0,10,model.input_blocks.8,53,147,0.265,2.51833109,4;4;4;4;4;4;2;3
sweep_K10_sw3_lam1.0,10,3,1.0,11,model.input_blocks.9,53,147,0.265,2.55523285,4;4;4;4;4;4;2;3
sweep_K10_sw3_lam1.0,10,3,1.0,12,model.middle_block,53,147,0.265,2.50995479,4;4;4;4;4;4;2;3
sweep_K10_sw3_lam1.0,10,3,1.0,13,model.output_blocks.0,53,147,0.265,2.83910857,4;4;4;4;4;4;2;3
sweep_K10_sw3_lam1.0,10,3,1.0,14,model.output_blocks.1,53,147,0.265,2.52834746,4;4;4;4;4;4;2;3
sweep_K10_sw3_lam1.0,10,3,1.0,15,model.output_blocks.10,53,147,0.265,2.69222654,4;4;4;4;4;4;2;3
sweep_K10_sw3_lam1.0,10,3,1.0,16,model.output_blocks.11,54,146,0.27,3.10822876,4;4;4;4;4;4;2;2
sweep_K10_sw3_lam1.0,10,3,1.0,17,model.output_blocks.2,53,147,0.265,2.44688645,4;4;4;4;4;4;2;3
sweep_K10_sw3_lam1.0,10,3,1.0,18,model.output_blocks.3,53,147,0.265,2.44688645,4;4;4;4;4;4;2;3
sweep_K10_sw3_lam1.0,10,3,1.0,19,model.output_blocks.4,53,147,0.265,2.51936826,4;4;4;4;4;4;2;3
sweep_K10_sw3_lam1.0,10,3,1.0,20,model.output_blocks.5,53,147,0.265,2.59569786,4;4;4;4;4;4;2;3
sweep_K10_sw3_lam1.0,10,3,1.0,21,model.output_blocks.6,53,147,0.265,2.46649814,4;4;4;4;4;4;2;3
sweep_K10_sw3_lam1.0,10,3,1.0,22,model.output_blocks.7,53,147,0.265,2.6341422,4;4;4;4;4;4;2;3
sweep_K10_sw3_lam1.0,10,3,1.0,23,model.output_blocks.8,53,147,0.265,2.49352983,4;4;4;4;4;4;2;3
sweep_K10_sw3_lam1.0,10,3,1.0,24,model.output_blocks.9,53,147,0.265,2.72057635,4;4;4;4;4;4;2;3
sweep_K10_sw5_lam1.0,10,5,1.0,0,model.input_blocks.0,53,147,0.265,2.8591954,4;3;4;4;4;2;2;2
sweep_K10_sw5_lam1.0,10,5,1.0,1,model.input_blocks.1,53,147,0.265,2.8591954,4;3;4;4;4;2;2;2
sweep_K10_sw5_lam1.0,10,5,1.0,2,model.input_blocks.10,53,147,0.265,2.8591954,4;3;4;4;4;2;2;2
sweep_K10_sw5_lam1.0,10,5,1.0,3,model.input_blocks.11,53,147,0.265,2.86020349,4;4;4;4;4;2;2;2
sweep_K10_sw5_lam1.0,10,5,1.0,4,model.input_blocks.2,53,147,0.265,3.00181545,4;4;4;4;4;2;2;2
sweep_K10_sw5_lam1.0,10,5,1.0,5,model.input_blocks.3,53,147,0.265,2.96633275,4;4;4;4;4;2;2;2
sweep_K10_sw5_lam1.0,10,5,1.0,6,model.input_blocks.4,53,147,0.265,2.94010253,4;4;4;4;4;2;2;2
sweep_K10_sw5_lam1.0,10,5,1.0,7,model.input_blocks.5,53,147,0.265,2.8591954,4;3;4;4;4;2;2;2
sweep_K10_sw5_lam1.0,10,5,1.0,8,model.input_blocks.6,53,147,0.265,2.8591954,4;3;4;4;4;2;2;2
sweep_K10_sw5_lam1.0,10,5,1.0,9,model.input_blocks.7,53,147,0.265,2.90641475,4;4;4;4;4;2;2;2
sweep_K10_sw5_lam1.0,10,5,1.0,10,model.input_blocks.8,53,147,0.265,2.92544694,4;4;4;4;4;2;2;2
sweep_K10_sw5_lam1.0,10,5,1.0,11,model.input_blocks.9,53,147,0.265,2.95479917,4;4;4;4;4;2;2;2
sweep_K10_sw5_lam1.0,10,5,1.0,12,model.middle_block,53,147,0.265,2.91670503,4;4;4;4;4;2;2;2
sweep_K10_sw5_lam1.0,10,5,1.0,13,model.output_blocks.0,53,147,0.265,3.23753416,4;4;4;4;4;2;2;2
sweep_K10_sw5_lam1.0,10,5,1.0,14,model.output_blocks.1,53,147,0.265,2.9404472,4;4;4;4;4;2;2;2
sweep_K10_sw5_lam1.0,10,5,1.0,15,model.output_blocks.10,53,147,0.265,3.08823227,4;4;4;4;4;2;2;2
sweep_K10_sw5_lam1.0,10,5,1.0,16,model.output_blocks.11,54,146,0.27,3.63696586,4;3;4;4;4;2;2;1
sweep_K10_sw5_lam1.0,10,5,1.0,17,model.output_blocks.2,53,147,0.265,2.8591954,4;3;4;4;4;2;2;2
sweep_K10_sw5_lam1.0,10,5,1.0,18,model.output_blocks.3,53,147,0.265,2.8591954,4;3;4;4;4;2;2;2
sweep_K10_sw5_lam1.0,10,5,1.0,19,model.output_blocks.4,53,147,0.265,2.92287872,4;4;4;4;4;2;2;2
sweep_K10_sw5_lam1.0,10,5,1.0,20,model.output_blocks.5,53,147,0.265,2.99965249,4;4;4;4;4;2;2;2
sweep_K10_sw5_lam1.0,10,5,1.0,21,model.output_blocks.6,53,147,0.265,2.87819499,4;4;4;4;4;2;2;2
sweep_K10_sw5_lam1.0,10,5,1.0,22,model.output_blocks.7,53,147,0.265,3.04921883,4;4;4;4;4;2;2;2
sweep_K10_sw5_lam1.0,10,5,1.0,23,model.output_blocks.8,53,147,0.265,2.8997354,4;4;4;4;4;2;2;2
sweep_K10_sw5_lam1.0,10,5,1.0,24,model.output_blocks.9,53,147,0.265,3.16907986,4;3;4;4;4;2;2;2
sweep_K10_sw9_lam1.0,10,9,1.0,0,model.input_blocks.0,52,148,0.26,2.43333333,2;4;4;4;2;3;3
sweep_K10_sw9_lam1.0,10,9,1.0,1,model.input_blocks.1,52,148,0.26,2.43333333,2;4;4;4;2;3;3
sweep_K10_sw9_lam1.0,10,9,1.0,2,model.input_blocks.10,52,148,0.26,2.43333333,2;4;4;4;2;3;3
sweep_K10_sw9_lam1.0,10,9,1.0,3,model.input_blocks.11,52,148,0.26,2.43407574,2;4;4;4;2;3;3
sweep_K10_sw9_lam1.0,10,9,1.0,4,model.input_blocks.2,52,148,0.26,2.56222084,2;4;4;4;2;3;3
sweep_K10_sw9_lam1.0,10,9,1.0,5,model.input_blocks.3,52,148,0.26,2.53145045,2;4;4;4;2;3;3
sweep_K10_sw9_lam1.0,10,9,1.0,6,model.input_blocks.4,52,148,0.26,2.49781548,2;4;4;4;2;3;3
sweep_K10_sw9_lam1.0,10,9,1.0,7,model.input_blocks.5,52,148,0.26,2.43333333,2;4;4;4;2;3;3
sweep_K10_sw9_lam1.0,10,9,1.0,8,model.input_blocks.6,52,148,0.26,2.43333333,2;4;4;4;2;3;3
sweep_K10_sw9_lam1.0,10,9,1.0,9,model.input_blocks.7,52,148,0.26,2.46842846,2;4;4;4;2;3;3
sweep_K10_sw9_lam1.0,10,9,1.0,10,model.input_blocks.8,52,148,0.26,2.48201085,2;4;4;4;2;3;3
sweep_K10_sw9_lam1.0,10,9,1.0,11,model.input_blocks.9,52,148,0.26,2.51117357,2;4;4;4;2;3;3
sweep_K10_sw9_lam1.0,10,9,1.0,12,model.middle_block,52,148,0.26,2.47640684,2;4;4;4;2;3;3
sweep_K10_sw9_lam1.0,10,9,1.0,13,model.output_blocks.0,52,148,0.26,2.72846156,2;4;4;4;2;3;3
sweep_K10_sw9_lam1.0,10,9,1.0,14,model.output_blocks.1,52,148,0.26,2.49169946,2;4;4;4;2;3;3
sweep_K10_sw9_lam1.0,10,9,1.0,15,model.output_blocks.10,52,148,0.26,2.61990053,2;4;4;4;2;3;3
sweep_K10_sw9_lam1.0,10,9,1.0,16,model.output_blocks.11,53,147,0.265,3.05162672,2;4;4;4;2;3;2
sweep_K10_sw9_lam1.0,10,9,1.0,17,model.output_blocks.2,52,148,0.26,2.43333333,2;4;4;4;2;3;3
sweep_K10_sw9_lam1.0,10,9,1.0,18,model.output_blocks.3,52,148,0.26,2.43333333,2;4;4;4;2;3;3
sweep_K10_sw9_lam1.0,10,9,1.0,19,model.output_blocks.4,52,148,0.26,2.47966732,2;4;4;4;2;3;3
sweep_K10_sw9_lam1.0,10,9,1.0,20,model.output_blocks.5,52,148,0.26,2.53751804,2;4;4;4;2;3;3
sweep_K10_sw9_lam1.0,10,9,1.0,21,model.output_blocks.6,52,148,0.26,2.44651572,2;4;4;4;2;3;3
sweep_K10_sw9_lam1.0,10,9,1.0,22,model.output_blocks.7,52,148,0.26,2.58061604,2;4;4;4;2;3;3
sweep_K10_sw9_lam1.0,10,9,1.0,23,model.output_blocks.8,52,148,0.26,2.47035824,2;4;4;4;2;3;3
sweep_K10_sw9_lam1.0,10,9,1.0,24,model.output_blocks.9,52,148,0.26,2.63594001,2;4;4;4;2;3;3
sweep_K15_sw3_lam1.0,15,3,1.0,0,model.input_blocks.0,54,146,0.27,3.81356085,4;2;4;4;4;4;4;4;3;4;2;3
sweep_K15_sw3_lam1.0,15,3,1.0,1,model.input_blocks.1,54,146,0.27,3.81356085,4;2;4;4;4;4;4;4;3;4;2;3
sweep_K15_sw3_lam1.0,15,3,1.0,2,model.input_blocks.10,54,146,0.27,3.81356085,4;2;4;4;4;4;4;4;3;4;2;3
sweep_K15_sw3_lam1.0,15,3,1.0,3,model.input_blocks.11,54,146,0.27,3.8148854,4;2;4;4;4;4;4;4;3;4;2;3
sweep_K15_sw3_lam1.0,15,3,1.0,4,model.input_blocks.2,54,146,0.27,3.96217435,4;2;4;4;4;4;4;4;3;4;2;3
sweep_K15_sw3_lam1.0,15,3,1.0,5,model.input_blocks.3,54,146,0.27,3.93369999,4;2;4;4;4;4;4;4;3;4;2;3
sweep_K15_sw3_lam1.0,15,3,1.0,6,model.input_blocks.4,54,146,0.27,3.89443512,4;2;4;4;4;4;4;4;3;4;2;3
sweep_K15_sw3_lam1.0,15,3,1.0,7,model.input_blocks.5,54,146,0.27,3.81356085,4;2;4;4;4;4;4;4;3;4;2;3
sweep_K15_sw3_lam1.0,15,3,1.0,8,model.input_blocks.6,54,146,0.27,3.81356085,4;2;4;4;4;4;4;4;3;4;2;3
sweep_K15_sw3_lam1.0,15,3,1.0,9,model.input_blocks.7,54,146,0.27,3.88045778,4;2;4;4;4;4;4;4;3;4;2;3
sweep_K15_sw3_lam1.0,15,3,1.0,10,model.input_blocks.8,54,146,0.27,3.90628165,4;2;4;4;4;4;4;4;3;4;2;3
sweep_K15_sw3_lam1.0,15,3,1.0,11,model.input_blocks.9,54,146,0.27,3.95323053,4;2;4;4;4;4;4;4;3;4;2;3
sweep_K15_sw3_lam1.0,15,3,1.0,12,model.middle_block,54,146,0.27,3.89508245,4;2;4;4;4;4;4;4;3;4;2;3
sweep_K15_sw3_lam1.0,15,3,1.0,13,model.output_blocks.0,54,146,0.27,4.32181086,4;2;4;4;4;4;4;4;3;4;2;3
sweep_K15_sw3_lam1.0,15,3,1.0,14,model.output_blocks.1,54,146,0.27,3.91462686,4;2;4;4;4;4;4;4;3;4;2;3
sweep_K15_sw3_lam1.0,15,3,1.0,15,model.output_blocks.10,54,146,0.27,4.12586605,4;2;4;4;4;4;4;4;3;4;2;3
sweep_K15_sw3_lam1.0,15,3,1.0,16,model.output_blocks.11,55,145,0.275,4.53293817,4;2;4;4;4;4;4;4;3;4;2;2
sweep_K15_sw3_lam1.0,15,3,1.0,17,model.output_blocks.2,54,146,0.27,3.81356085,4;2;4;4;4;4;4;4;3;4;2;3
sweep_K15_sw3_lam1.0,15,3,1.0,18,model.output_blocks.3,54,146,0.27,3.81356085,4;2;4;4;4;4;4;4;3;4;2;3
sweep_K15_sw3_lam1.0,15,3,1.0,19,model.output_blocks.4,54,146,0.27,3.91720466,4;2;4;4;4;4;4;4;3;4;2;3
sweep_K15_sw3_lam1.0,15,3,1.0,20,model.output_blocks.5,54,146,0.27,4.01381482,4;2;4;4;4;4;4;4;3;4;2;3
sweep_K15_sw3_lam1.0,15,3,1.0,21,model.output_blocks.6,54,146,0.27,3.83799356,4;2;4;4;4;4;4;4;3;4;2;3
sweep_K15_sw3_lam1.0,15,3,1.0,22,model.output_blocks.7,54,146,0.27,4.07828636,4;2;4;4;4;4;4;4;3;4;2;3
sweep_K15_sw3_lam1.0,15,3,1.0,23,model.output_blocks.8,54,146,0.27,3.86771455,4;2;4;4;4;4;4;4;3;4;2;3
sweep_K15_sw3_lam1.0,15,3,1.0,24,model.output_blocks.9,54,146,0.27,4.13823545,4;2;4;4;4;4;4;4;3;4;2;3
sweep_K15_sw5_lam1.0,15,5,1.0,0,model.input_blocks.0,54,146,0.27,3.87359307,4;3;4;4;4;4;4;3;4;2;2;3
sweep_K15_sw5_lam1.0,15,5,1.0,1,model.input_blocks.1,54,146,0.27,3.87359307,4;3;4;4;4;4;4;3;4;2;2;3
sweep_K15_sw5_lam1.0,15,5,1.0,2,model.input_blocks.10,54,146,0.27,3.87359307,4;3;4;4;4;4;4;3;4;2;2;3
sweep_K15_sw5_lam1.0,15,5,1.0,3,model.input_blocks.11,54,146,0.27,3.8748921,4;4;4;4;4;4;4;4;4;2;2;3
sweep_K15_sw5_lam1.0,15,5,1.0,4,model.input_blocks.2,54,146,0.27,4.03344158,4;4;4;4;4;4;4;3;4;2;2;3
sweep_K15_sw5_lam1.0,15,5,1.0,5,model.input_blocks.3,54,146,0.27,4.00737717,4;4;4;4;4;4;4;4;4;2;2;3
sweep_K15_sw5_lam1.0,15,5,1.0,6,model.input_blocks.4,54,146,0.27,3.96310384,4;4;4;4;4;4;4;4;4;2;2;3
sweep_K15_sw5_lam1.0,15,5,1.0,7,model.input_blocks.5,54,146,0.27,3.87359307,4;3;4;4;4;4;4;3;4;2;2;3
sweep_K15_sw5_lam1.0,15,5,1.0,8,model.input_blocks.6,54,146,0.27,3.87359307,4;3;4;4;4;4;4;3;4;2;2;3
sweep_K15_sw5_lam1.0,15,5,1.0,9,model.input_blocks.7,54,146,0.27,3.9350347,4;4;4;4;4;4;4;3;4;2;2;3
sweep_K15_sw5_lam1.0,15,5,1.0,10,model.input_blocks.8,54,146,0.27,3.95848484,4;4;4;4;4;4;4;3;4;2;2;3
sweep_K15_sw5_lam1.0,15,5,1.0,11,model.input_blocks.9,54,146,0.27,4.00249061,4;4;4;4;4;4;4;3;4;2;2;3
sweep_K15_sw5_lam1.0,15,5,1.0,12,model.middle_block,54,146,0.27,3.94966091,4;4;4;4;4;4;4;4;4;2;2;3
sweep_K15_sw5_lam1.0,15,5,1.0,13,model.output_blocks.0,54,146,0.27,4.37430348,4;4;4;4;4;4;4;3;4;2;2;3
sweep_K15_sw5_lam1.0,15,5,1.0,14,model.output_blocks.1,54,146,0.27,3.97615522,4;4;4;4;4;4;4;3;4;2;2;3
sweep_K15_sw5_lam1.0,15,5,1.0,15,model.output_blocks.10,54,146,0.27,4.16900589,4;4;4;4;4;4;4;3;4;2;2;3
sweep_K15_sw5_lam1.0,15,5,1.0,16,model.output_blocks.11,55,145,0.275,4.65586824,4;3;4;4;4;4;4;3;4;2;2;2
sweep_K15_sw5_lam1.0,15,5,1.0,17,model.output_blocks.2,54,146,0.27,3.87359307,4;3;4;4;4;4;4;3;4;2;2;3
sweep_K15_sw5_lam1.0,15,5,1.0,18,model.output_blocks.3,54,146,0.27,3.87359307,4;3;4;4;4;4;4;3;4;2;2;3
sweep_K15_sw5_lam1.0,15,5,1.0,19,model.output_blocks.4,54,146,0.27,3.96206844,4;4;4;4;4;4;4;3;4;2;2;3
sweep_K15_sw5_lam1.0,15,5,1.0,20,model.output_blocks.5,54,146,0.27,4.05659562,4;4;4;4;4;4;4;3;4;2;2;3
sweep_K15_sw5_lam1.0,15,5,1.0,21,model.output_blocks.6,54,146,0.27,3.89758217,4;4;4;4;4;4;4;4;4;2;2;3
sweep_K15_sw5_lam1.0,15,5,1.0,22,model.output_blocks.7,54,146,0.27,4.10563359,4;4;4;4;4;4;4;3;4;2;2;3
sweep_K15_sw5_lam1.0,15,5,1.0,23,model.output_blocks.8,54,146,0.27,3.9283493,4;4;4;4;4;4;4;3;4;2;2;3
sweep_K15_sw5_lam1.0,15,5,1.0,24,model.output_blocks.9,54,146,0.27,4.2351496,4;3;4;4;4;4;4;3;4;2;2;3
sweep_K15_sw9_lam1.0,15,9,1.0,0,model.input_blocks.0,53,147,0.265,4.27777778,2;4;4;4;4;4;4;4;2;2;2;2
sweep_K15_sw9_lam1.0,15,9,1.0,1,model.input_blocks.1,53,147,0.265,4.27777778,2;4;4;4;4;4;4;4;2;2;2;2
sweep_K15_sw9_lam1.0,15,9,1.0,2,model.input_blocks.10,53,147,0.265,4.27777778,2;4;4;4;4;4;4;4;2;2;2;2
sweep_K15_sw9_lam1.0,15,9,1.0,3,model.input_blocks.11,53,147,0.265,4.27911376,2;4;4;4;4;4;4;4;2;2;2;2
sweep_K15_sw9_lam1.0,15,9,1.0,4,model.input_blocks.2,53,147,0.265,4.44368164,2;4;4;4;4;4;4;4;2;2;2;2
sweep_K15_sw9_lam1.0,15,9,1.0,5,model.input_blocks.3,53,147,0.265,4.40999551,2;4;4;4;4;4;4;4;2;2;2;2
sweep_K15_sw9_lam1.0,15,9,1.0,6,model.input_blocks.4,53,147,0.265,4.36819383,2;4;4;4;4;4;4;4;2;2;2;2
sweep_K15_sw9_lam1.0,15,9,1.0,7,model.input_blocks.5,53,147,0.265,4.27777778,2;4;4;4;4;4;4;4;2;2;2;2
sweep_K15_sw9_lam1.0,15,9,1.0,8,model.input_blocks.6,53,147,0.265,4.27777778,2;4;4;4;4;4;4;4;2;2;2;2
sweep_K15_sw9_lam1.0,15,9,1.0,9,model.input_blocks.7,53,147,0.265,4.34372393,2;4;4;4;4;4;4;4;2;2;2;2
sweep_K15_sw9_lam1.0,15,9,1.0,10,model.input_blocks.8,53,147,0.265,4.3683449,2;4;4;4;4;4;4;4;2;2;2;2
sweep_K15_sw9_lam1.0,15,9,1.0,11,model.input_blocks.9,53,147,0.265,4.41025109,2;4;4;4;4;4;4;4;2;2;2;2
sweep_K15_sw9_lam1.0,15,9,1.0,12,model.middle_block,53,147,0.265,4.35410536,2;4;4;4;4;4;4;4;2;2;2;2
sweep_K15_sw9_lam1.0,15,9,1.0,13,model.output_blocks.0,53,147,0.265,4.74056518,2;4;4;4;4;4;4;4;2;2;2;2
sweep_K15_sw9_lam1.0,15,9,1.0,14,model.output_blocks.1,53,147,0.265,4.37711153,2;4;4;4;4;4;4;4;2;2;2;2
sweep_K15_sw9_lam1.0,15,9,1.0,15,model.output_blocks.10,53,147,0.265,4.54064657,2;4;4;4;4;4;4;4;2;2;2;2
sweep_K15_sw9_lam1.0,15,9,1.0,16,model.output_blocks.11,54,146,0.27,5.11441084,2;4;4;4;4;4;4;4;2;2;2;1
sweep_K15_sw9_lam1.0,15,9,1.0,17,model.output_blocks.2,53,147,0.265,4.27777778,2;4;4;4;4;4;4;4;2;2;2;2
sweep_K15_sw9_lam1.0,15,9,1.0,18,model.output_blocks.3,53,147,0.265,4.27777778,2;4;4;4;4;4;4;4;2;2;2;2
sweep_K15_sw9_lam1.0,15,9,1.0,19,model.output_blocks.4,53,147,0.265,4.37081818,2;4;4;4;4;4;4;4;2;2;2;2
sweep_K15_sw9_lam1.0,15,9,1.0,20,model.output_blocks.5,53,147,0.265,4.47765838,2;4;4;4;4;4;4;4;2;2;2;2
sweep_K15_sw9_lam1.0,15,9,1.0,21,model.output_blocks.6,53,147,0.265,4.30332489,2;4;4;4;4;4;4;4;2;2;2;2
sweep_K15_sw9_lam1.0,15,9,1.0,22,model.output_blocks.7,53,147,0.265,4.53931899,2;4;4;4;4;4;4;4;2;2;2;2
sweep_K15_sw9_lam1.0,15,9,1.0,23,model.output_blocks.8,53,147,0.265,4.33125625,2;4;4;4;4;4;4;4;2;2;2;2
sweep_K15_sw9_lam1.0,15,9,1.0,24,model.output_blocks.9,53,147,0.265,4.59318906,2;4;4;4;4;4;4;4;2;2;2;2
sweep_K20_sw3_lam1.0,20,3,1.0,0,model.input_blocks.0,55,145,0.275,4.86553847,4;2;4;4;4;2;4;4;4;3;4;3;4;2;3
sweep_K20_sw3_lam1.0,20,3,1.0,1,model.input_blocks.1,55,145,0.275,4.86553847,4;2;4;4;4;2;4;4;4;3;4;3;4;2;3
sweep_K20_sw3_lam1.0,20,3,1.0,2,model.input_blocks.10,55,145,0.275,4.86553847,4;2;4;4;4;2;4;4;4;3;4;3;4;2;3
sweep_K20_sw3_lam1.0,20,3,1.0,3,model.input_blocks.11,55,145,0.275,4.86716204,4;2;4;4;4;2;4;4;4;3;4;3;4;2;3
sweep_K20_sw3_lam1.0,20,3,1.0,4,model.input_blocks.2,55,145,0.275,5.02912252,4;2;4;4;4;2;4;4;4;3;4;3;4;2;3
sweep_K20_sw3_lam1.0,20,3,1.0,5,model.input_blocks.3,55,145,0.275,5.00580868,4;2;4;4;4;2;4;4;4;3;4;3;4;2;3
sweep_K20_sw3_lam1.0,20,3,1.0,6,model.input_blocks.4,55,145,0.275,4.9596777,4;2;4;4;4;2;4;4;4;3;4;3;4;2;3
sweep_K20_sw3_lam1.0,20,3,1.0,7,model.input_blocks.5,55,145,0.275,4.86553847,4;2;4;4;4;2;4;4;4;3;4;3;4;2;3
sweep_K20_sw3_lam1.0,20,3,1.0,8,model.input_blocks.6,55,145,0.275,4.86553847,4;2;4;4;4;2;4;4;4;3;4;3;4;2;3
sweep_K20_sw3_lam1.0,20,3,1.0,9,model.input_blocks.7,55,145,0.275,4.9479017,4;2;4;4;4;2;4;4;4;3;4;3;4;2;3
sweep_K20_sw3_lam1.0,20,3,1.0,10,model.input_blocks.8,55,145,0.275,4.98490768,4;2;4;4;4;2;4;4;4;3;4;3;4;2;3
sweep_K20_sw3_lam1.0,20,3,1.0,11,model.input_blocks.9,55,145,0.275,5.03503877,4;2;4;4;4;2;4;4;4;3;4;3;4;2;3
sweep_K20_sw3_lam1.0,20,3,1.0,12,model.middle_block,55,145,0.275,4.96460987,4;2;4;4;4;2;4;4;4;3;4;3;4;2;3
sweep_K20_sw3_lam1.0,20,3,1.0,13,model.output_blocks.0,55,145,0.275,5.47503468,4;2;4;4;4;2;4;4;4;3;4;3;4;2;3
sweep_K20_sw3_lam1.0,20,3,1.0,14,model.output_blocks.1,55,145,0.275,4.99017635,4;2;4;4;4;2;4;4;4;3;4;3;4;2;3
sweep_K20_sw3_lam1.0,20,3,1.0,15,model.output_blocks.10,55,145,0.275,5.32741819,4;2;4;4;4;2;4;4;4;3;4;3;4;2;3
sweep_K20_sw3_lam1.0,20,3,1.0,16,model.output_blocks.11,56,144,0.28,5.72500435,4;2;4;4;4;2;4;4;4;3;4;3;4;2;2
sweep_K20_sw3_lam1.0,20,3,1.0,17,model.output_blocks.2,55,145,0.275,4.86553847,4;2;4;4;4;2;4;4;4;3;4;3;4;2;3
sweep_K20_sw3_lam1.0,20,3,1.0,18,model.output_blocks.3,55,145,0.275,4.86553847,4;2;4;4;4;2;4;4;4;3;4;3;4;2;3
sweep_K20_sw3_lam1.0,20,3,1.0,19,model.output_blocks.4,55,145,0.275,4.9904094,4;2;4;4;4;2;4;4;4;3;4;3;4;2;3
sweep_K20_sw3_lam1.0,20,3,1.0,20,model.output_blocks.5,55,145,0.275,5.1053544,4;2;4;4;4;2;4;4;4;3;4;3;4;2;3
sweep_K20_sw3_lam1.0,20,3,1.0,21,model.output_blocks.6,55,145,0.275,4.8960428,4;2;4;4;4;2;4;4;4;3;4;3;4;2;3
sweep_K20_sw3_lam1.0,20,3,1.0,22,model.output_blocks.7,55,145,0.275,5.18461883,4;2;4;4;4;2;4;4;4;3;4;3;4;2;3
sweep_K20_sw3_lam1.0,20,3,1.0,23,model.output_blocks.8,55,145,0.275,4.93276136,4;2;4;4;4;2;4;4;4;3;4;3;4;2;3
sweep_K20_sw3_lam1.0,20,3,1.0,24,model.output_blocks.9,55,145,0.275,5.26792062,4;2;4;4;4;2;4;4;4;3;4;3;4;2;3
sweep_K20_sw5_lam1.0,20,5,1.0,0,model.input_blocks.0,55,145,0.275,5.45878274,4;4;3;4;3;4;4;4;4;4;3;4;3;4;2;2;3
sweep_K20_sw5_lam1.0,20,5,1.0,1,model.input_blocks.1,55,145,0.275,5.45878274,4;4;3;4;3;4;4;4;4;4;3;4;3;4;2;2;3
sweep_K20_sw5_lam1.0,20,5,1.0,2,model.input_blocks.10,55,145,0.275,5.45878274,4;4;3;4;3;4;4;4;4;4;3;4;3;4;2;2;3
sweep_K20_sw5_lam1.0,20,5,1.0,3,model.input_blocks.11,55,145,0.275,5.46059025,4;4;3;4;4;4;4;4;4;4;3;4;4;4;2;2;3
sweep_K20_sw5_lam1.0,20,5,1.0,4,model.input_blocks.2,55,145,0.275,5.63647903,4;4;3;4;4;4;4;4;4;4;3;4;3;4;2;2;3
sweep_K20_sw5_lam1.0,20,5,1.0,5,model.input_blocks.3,55,145,0.275,5.61293352,4;4;3;4;4;4;4;4;4;4;3;4;4;4;2;2;3
sweep_K20_sw5_lam1.0,20,5,1.0,6,model.input_blocks.4,55,145,0.275,5.56102973,4;4;4;4;4;4;4;4;4;4;4;4;4;4;2;2;3
sweep_K20_sw5_lam1.0,20,5,1.0,7,model.input_blocks.5,55,145,0.275,5.45878274,4;4;3;4;3;4;4;4;4;4;3;4;3;4;2;2;3
sweep_K20_sw5_lam1.0,20,5,1.0,8,model.input_blocks.6,55,145,0.275,5.45878274,4;4;3;4;3;4;4;4;4;4;3;4;3;4;2;2;3
sweep_K20_sw5_lam1.0,20,5,1.0,9,model.input_blocks.7,55,145,0.275,5.54681482,4;4;4;4;4;4;4;4;4;4;4;4;3;4;2;2;3
sweep_K20_sw5_lam1.0,20,5,1.0,10,model.input_blocks.8,55,145,0.275,5.58215736,4;4;4;4;4;4;4;4;4;4;4;4;3;4;2;2;3
sweep_K20_sw5_lam1.0,20,5,1.0,11,model.input_blocks.9,55,145,0.275,5.63700432,4;4;4;4;4;4;4;4;4;4;4;4;3;4;2;2;3
sweep_K20_sw5_lam1.0,20,5,1.0,12,model.middle_block,55,145,0.275,5.5653913,4;4;4;4;3;4;4;4;4;4;3;4;4;4;2;2;3
sweep_K20_sw5_lam1.0,20,5,1.0,13,model.output_blocks.0,55,145,0.275,6.10216834,4;4;4;4;4;4;4;4;4;4;3;4;3;4;2;2;3
sweep_K20_sw5_lam1.0,20,5,1.0,14,model.output_blocks.1,55,145,0.275,5.59194869,4;4;4;4;4;4;4;4;4;4;4;4;3;4;2;2;3
sweep_K20_sw5_lam1.0,20,5,1.0,15,model.output_blocks.10,55,145,0.275,5.8677745,4;4;4;4;4;4;4;4;4;4;4;4;3;4;2;2;3
sweep_K20_sw5_lam1.0,20,5,1.0,16,model.output_blocks.11,56,144,0.28,6.29973972,4;4;3;4;4;4;4;4;4;4;4;4;3;4;2;2;2
sweep_K20_sw5_lam1.0,20,5,1.0,17,model.output_blocks.2,55,145,0.275,5.45878274,4;4;3;4;3;4;4;4;4;4;3;4;3;4;2;2;3
sweep_K20_sw5_lam1.0,20,5,1.0,18,model.output_blocks.3,55,145,0.275,5.45878274,4;4;3;4;3;4;4;4;4;4;3;4;3;4;2;2;3
sweep_K20_sw5_lam1.0,20,5,1.0,19,model.output_blocks.4,55,145,0.275,5.59122138,4;4;4;4;4;4;4;4;4;4;3;4;3;4;2;2;3
sweep_K20_sw5_lam1.0,20,5,1.0,20,model.output_blocks.5,55,145,0.275,5.72244569,4;4;4;4;4;4;4;4;4;4;3;4;3;4;2;2;3
sweep_K20_sw5_lam1.0,20,5,1.0,21,model.output_blocks.6,55,145,0.275,5.49346808,4;4;4;4;4;4;4;4;4;4;3;4;4;4;2;2;3
sweep_K20_sw5_lam1.0,20,5,1.0,22,model.output_blocks.7,55,145,0.275,5.76420192,4;4;4;4;4;4;4;4;4;4;3;4;3;4;2;2;3
sweep_K20_sw5_lam1.0,20,5,1.0,23,model.output_blocks.8,55,145,0.275,5.53084832,4;4;4;4;3;4;4;4;4;4;4;4;3;4;2;2;3
sweep_K20_sw5_lam1.0,20,5,1.0,24,model.output_blocks.9,55,145,0.275,5.90461259,4;4;3;4;4;4;4;4;4;4;4;4;3;4;2;2;3
sweep_K20_sw9_lam1.0,20,9,1.0,0,model.input_blocks.0,55,145,0.275,4.82673993,2;4;4;4;3;4;4;3;4;2;2;2;2
sweep_K20_sw9_lam1.0,20,9,1.0,1,model.input_blocks.1,55,145,0.275,4.82673993,2;4;4;4;3;4;4;3;4;2;2;2;2
sweep_K20_sw9_lam1.0,20,9,1.0,2,model.input_blocks.10,55,145,0.275,4.82673993,2;4;4;4;3;4;4;3;4;2;2;2;2
sweep_K20_sw9_lam1.0,20,9,1.0,3,model.input_blocks.11,55,145,0.275,4.82811418,2;4;4;4;3;4;4;3;4;2;2;2;2
sweep_K20_sw9_lam1.0,20,9,1.0,4,model.input_blocks.2,55,145,0.275,4.9963976,2;4;4;4;3;4;4;4;4;2;2;2;2
sweep_K20_sw9_lam1.0,20,9,1.0,5,model.input_blocks.3,55,145,0.275,4.96124064,2;4;4;4;3;4;4;4;4;2;2;2;2
sweep_K20_sw9_lam1.0,20,9,1.0,6,model.input_blocks.4,55,145,0.275,4.91878456,2;4;4;4;3;4;4;4;4;2;2;2;2
sweep_K20_sw9_lam1.0,20,9,1.0,7,model.input_blocks.5,55,145,0.275,4.82673993,2;4;4;4;3;4;4;3;4;2;2;2;2
sweep_K20_sw9_lam1.0,20,9,1.0,8,model.input_blocks.6,55,145,0.275,4.82673993,2;4;4;4;3;4;4;3;4;2;2;2;2
sweep_K20_sw9_lam1.0,20,9,1.0,9,model.input_blocks.7,55,145,0.275,4.89851979,2;4;4;4;3;4;4;3;4;2;2;2;2
sweep_K20_sw9_lam1.0,20,9,1.0,10,model.input_blocks.8,55,145,0.275,4.92620026,2;4;4;4;3;4;4;3;4;2;2;2;2
sweep_K20_sw9_lam1.0,20,9,1.0,11,model.input_blocks.9,55,145,0.275,4.96651934,2;4;4;4;3;4;4;4;4;2;2;2;2
sweep_K20_sw9_lam1.0,20,9,1.0,12,model.middle_block,55,145,0.275,4.90856627,2;4;4;4;3;4;4;3;4;2;2;2;2
sweep_K20_sw9_lam1.0,20,9,1.0,13,model.output_blocks.0,55,145,0.275,5.31287924,2;4;4;4;3;4;4;4;4;2;2;2;2
sweep_K20_sw9_lam1.0,20,9,1.0,14,model.output_blocks.1,55,145,0.275,4.92980025,2;4;4;4;3;4;4;4;4;2;2;2;2
sweep_K20_sw9_lam1.0,20,9,1.0,15,model.output_blocks.10,55,145,0.275,5.10705243,2;4;4;4;3;4;4;4;4;2;2;2;2
sweep_K20_sw9_lam1.0,20,9,1.0,16,model.output_blocks.11,56,144,0.28,5.64293795,2;4;4;4;3;4;4;4;4;2;2;2;1
sweep_K20_sw9_lam1.0,20,9,1.0,17,model.output_blocks.2,55,145,0.275,4.82673993,2;4;4;4;3;4;4;3;4;2;2;2;2
sweep_K20_sw9_lam1.0,20,9,1.0,18,model.output_blocks.3,55,145,0.275,4.82673993,2;4;4;4;3;4;4;3;4;2;2;2;2
sweep_K20_sw9_lam1.0,20,9,1.0,19,model.output_blocks.4,55,145,0.275,4.92714995,2;4;4;4;3;4;4;4;4;2;2;2;2
sweep_K20_sw9_lam1.0,20,9,1.0,20,model.output_blocks.5,55,145,0.275,5.04299074,2;4;4;4;3;4;4;4;4;2;2;2;2
sweep_K20_sw9_lam1.0,20,9,1.0,21,model.output_blocks.6,55,145,0.275,4.85364839,2;4;4;4;3;4;4;3;4;2;2;2;2
sweep_K20_sw9_lam1.0,20,9,1.0,22,model.output_blocks.7,55,145,0.275,5.09132177,2;4;4;4;3;4;4;4;4;2;2;2;2
sweep_K20_sw9_lam1.0,20,9,1.0,23,model.output_blocks.8,55,145,0.275,4.88274437,2;4;4;4;3;4;4;4;4;2;2;2;2
sweep_K20_sw9_lam1.0,20,9,1.0,24,model.output_blocks.9,55,145,0.275,5.16539645,2;4;4;4;3;4;4;4;4;2;2;2;2
sweep_K25_sw3_lam1.0,25,3,1.0,0,model.input_blocks.0,57,143,0.285,6.75767514,4;2;4;4;3;4;2;4;4;4;3;4;4;3;4;3;4;2;2;2
sweep_K25_sw3_lam1.0,25,3,1.0,1,model.input_blocks.1,57,143,0.285,6.75767514,4;2;4;4;3;4;2;4;4;4;3;4;4;3;4;3;4;2;2;2
sweep_K25_sw3_lam1.0,25,3,1.0,2,model.input_blocks.10,57,143,0.285,6.75767514,4;2;4;4;3;4;2;4;4;4;3;4;4;3;4;3;4;2;2;2
sweep_K25_sw3_lam1.0,25,3,1.0,3,model.input_blocks.11,57,143,0.285,6.7598701,4;2;4;4;3;4;2;4;4;4;3;4;4;3;4;3;4;2;2;2
sweep_K25_sw3_lam1.0,25,3,1.0,4,model.input_blocks.2,57,143,0.285,6.96852374,4;2;4;4;3;4;2;4;4;4;3;4;4;3;4;3;4;2;2;2
sweep_K25_sw3_lam1.0,25,3,1.0,5,model.input_blocks.3,57,143,0.285,6.9395337,4;2;4;4;3;4;2;4;4;4;3;4;4;3;4;3;4;2;2;2
sweep_K25_sw3_lam1.0,25,3,1.0,6,model.input_blocks.4,57,143,0.285,6.88137009,4;2;4;4;3;4;2;4;4;4;3;4;4;3;4;3;4;2;2;2
sweep_K25_sw3_lam1.0,25,3,1.0,7,model.input_blocks.5,57,143,0.285,6.75767514,4;2;4;4;3;4;2;4;4;4;3;4;4;3;4;3;4;2;2;2
sweep_K25_sw3_lam1.0,25,3,1.0,8,model.input_blocks.6,57,143,0.285,6.75767514,4;2;4;4;3;4;2;4;4;4;3;4;4;3;4;3;4;2;2;2
sweep_K25_sw3_lam1.0,25,3,1.0,9,model.input_blocks.7,57,143,0.285,6.86571235,4;2;4;4;3;4;2;4;4;4;3;4;4;3;4;3;4;2;2;2
sweep_K25_sw3_lam1.0,25,3,1.0,10,model.input_blocks.8,57,143,0.285,6.91488304,4;2;4;4;3;4;2;4;4;4;3;4;4;3;4;3;4;2;2;2
sweep_K25_sw3_lam1.0,25,3,1.0,11,model.input_blocks.9,57,143,0.285,6.97989944,4;2;4;4;3;4;2;4;4;4;3;4;4;3;4;3;4;2;2;2
sweep_K25_sw3_lam1.0,25,3,1.0,12,model.middle_block,57,143,0.285,6.88813067,4;2;4;4;3;4;2;4;4;4;3;4;4;3;4;3;4;2;2;2
sweep_K25_sw3_lam1.0,25,3,1.0,13,model.output_blocks.0,57,143,0.285,7.56145888,4;2;4;4;3;4;2;4;4;4;3;4;4;3;4;3;4;2;2;2
sweep_K25_sw3_lam1.0,25,3,1.0,14,model.output_blocks.1,57,143,0.285,6.92831902,4;2;4;4;3;4;2;4;4;4;3;4;4;3;4;3;4;2;2;2
sweep_K25_sw3_lam1.0,25,3,1.0,15,model.output_blocks.10,57,143,0.285,7.32596037,4;2;4;4;3;4;2;4;4;4;3;4;4;3;4;3;4;2;2;2
sweep_K25_sw3_lam1.0,25,3,1.0,16,model.output_blocks.11,58,142,0.29,7.7864956,4;2;4;4;3;4;2;4;4;4;3;4;4;3;4;3;4;2;2;1
sweep_K25_sw3_lam1.0,25,3,1.0,17,model.output_blocks.2,57,143,0.285,6.75767514,4;2;4;4;3;4;2;4;4;4;3;4;4;3;4;3;4;2;2;2
sweep_K25_sw3_lam1.0,25,3,1.0,18,model.output_blocks.3,57,143,0.285,6.75767514,4;2;4;4;3;4;2;4;4;4;3;4;4;3;4;3;4;2;2;2
sweep_K25_sw3_lam1.0,25,3,1.0,19,model.output_blocks.4,57,143,0.285,6.92358019,4;2;4;4;3;4;2;4;4;4;3;4;4;3;4;3;4;2;2;2
sweep_K25_sw3_lam1.0,25,3,1.0,20,model.output_blocks.5,57,143,0.285,7.07048366,4;2;4;4;3;4;2;4;4;4;3;4;4;3;4;3;4;2;2;2
sweep_K25_sw3_lam1.0,25,3,1.0,21,model.output_blocks.6,57,143,0.285,6.7976737,4;2;4;4;3;4;2;4;4;4;3;4;4;3;4;3;4;2;2;2
sweep_K25_sw3_lam1.0,25,3,1.0,22,model.output_blocks.7,57,143,0.285,7.18493393,4;2;4;4;3;4;2;4;4;4;3;4;4;3;4;3;4;2;2;2
sweep_K25_sw3_lam1.0,25,3,1.0,23,model.output_blocks.8,57,143,0.285,6.83944063,4;2;4;4;3;4;2;4;4;4;4;4;4;3;4;3;4;2;2;2
sweep_K25_sw3_lam1.0,25,3,1.0,24,model.output_blocks.9,57,143,0.285,7.27560536,4;2;4;4;3;4;2;4;4;4;3;4;4;3;4;3;4;2;2;2
sweep_K25_sw5_lam1.0,25,5,1.0,0,model.input_blocks.0,57,143,0.285,6.44992395,4;4;3;4;3;4;3;3;4;4;4;4;4;3;4;3;4;2;2;3
sweep_K25_sw5_lam1.0,25,5,1.0,1,model.input_blocks.1,57,143,0.285,6.44992395,4;4;3;4;3;4;3;3;4;4;4;4;4;3;4;3;4;2;2;3
sweep_K25_sw5_lam1.0,25,5,1.0,2,model.input_blocks.10,57,143,0.285,6.44992395,4;4;3;4;3;4;3;3;4;4;4;4;4;3;4;3;4;2;2;3
sweep_K25_sw5_lam1.0,25,5,1.0,3,model.input_blocks.11,57,143,0.285,6.45210354,4;4;3;4;4;4;3;3;4;4;4;4;4;3;4;4;4;2;2;3
sweep_K25_sw5_lam1.0,25,5,1.0,4,model.input_blocks.2,57,143,0.285,6.64212664,4;4;3;4;4;4;3;3;4;4;4;4;4;3;4;3;4;2;2;3
sweep_K25_sw5_lam1.0,25,5,1.0,5,model.input_blocks.3,57,143,0.285,6.62132454,4;4;3;4;4;4;3;3;4;4;4;4;4;3;4;4;4;2;2;3
sweep_K25_sw5_lam1.0,25,5,1.0,6,model.input_blocks.4,57,143,0.285,6.56331794,4;4;4;4;4;4;3;4;4;4;4;4;4;4;4;4;4;2;2;3
sweep_K25_sw5_lam1.0,25,5,1.0,7,model.input_blocks.5,57,143,0.285,6.44992395,4;4;3;4;3;4;3;3;4;4;4;4;4;3;4;3;4;2;2;3
sweep_K25_sw5_lam1.0,25,5,1.0,8,model.input_blocks.6,57,143,0.285,6.44992395,4;4;3;4;3;4;3;3;4;4;4;4;4;3;4;3;4;2;2;3
sweep_K25_sw5_lam1.0,25,5,1.0,9,model.input_blocks.7,57,143,0.285,6.55756315,4;4;4;4;4;4;3;3;4;4;4;4;4;4;4;3;4;2;2;3
sweep_K25_sw5_lam1.0,25,5,1.0,10,model.input_blocks.8,57,143,0.285,6.59921539,4;4;4;4;4;4;3;3;4;4;4;4;4;4;4;3;4;2;2;3
sweep_K25_sw5_lam1.0,25,5,1.0,11,model.input_blocks.9,57,143,0.285,6.66501341,4;4;4;4;4;4;3;3;4;4;4;4;4;4;4;3;4;2;2;3
sweep_K25_sw5_lam1.0,25,5,1.0,12,model.middle_block,57,143,0.285,6.57369838,4;4;4;4;3;4;3;3;4;4;4;4;4;3;4;4;4;2;2;3
sweep_K25_sw5_lam1.0,25,5,1.0,13,model.output_blocks.0,57,143,0.285,7.19939845,4;4;4;4;4;4;3;4;4;4;4;4;4;3;4;3;4;2;2;3
sweep_K25_sw5_lam1.0,25,5,1.0,14,model.output_blocks.1,57,143,0.285,6.60253718,4;4;4;4;4;4;3;4;4;4;4;4;4;4;4;3;4;2;2;3
sweep_K25_sw5_lam1.0,25,5,1.0,15,model.output_blocks.10,57,143,0.285,6.88825018,4;4;4;4;4;4;3;3;4;4;4;4;4;4;4;3;4;2;2;3
sweep_K25_sw5_lam1.0,25,5,1.0,16,model.output_blocks.11,58,142,0.29,7.32595234,4;4;3;4;4;4;3;4;4;4;4;4;4;4;4;3;4;2;2;2
sweep_K25_sw5_lam1.0,25,5,1.0,17,model.output_blocks.2,57,143,0.285,6.44992395,4;4;3;4;3;4;3;3;4;4;4;4;4;3;4;3;4;2;2;3
sweep_K25_sw5_lam1.0,25,5,1.0,18,model.output_blocks.3,57,143,0.285,6.44992395,4;4;3;4;3;4;3;3;4;4;4;4;4;3;4;3;4;2;2;3
sweep_K25_sw5_lam1.0,25,5,1.0,19,model.output_blocks.4,57,143,0.285,6.6084183,4;4;4;4;4;4;3;4;4;4;4;4;4;3;4;3;4;2;2;3
sweep_K25_sw5_lam1.0,25,5,1.0,20,model.output_blocks.5,57,143,0.285,6.76418574,4;4;4;4;4;4;3;3;4;4;4;4;4;3;4;3;4;2;2;3
sweep_K25_sw5_lam1.0,25,5,1.0,21,model.output_blocks.6,57,143,0.285,6.49048308,4;4;4;4;4;4;3;3;4;4;4;4;4;3;4;4;4;2;2;3
sweep_K25_sw5_lam1.0,25,5,1.0,22,model.output_blocks.7,57,143,0.285,6.80713499,4;4;4;4;4;4;3;3;4;4;4;4;4;3;4;3;4;2;2;3
sweep_K25_sw5_lam1.0,25,5,1.0,23,model.output_blocks.8,57,143,0.285,6.53456693,4;4;4;4;3;4;3;3;4;4;4;4;4;4;4;3;4;2;2;3
sweep_K25_sw5_lam1.0,25,5,1.0,24,model.output_blocks.9,57,143,0.285,6.94652767,4;4;3;4;4;4;3;3;4;4;4;4;4;4;4;3;4;2;2;3
sweep_K25_sw9_lam1.0,25,9,1.0,0,model.input_blocks.0,56,144,0.28,6.16497522,2;2;4;2;4;4;3;4;4;3;4;4;4;2;2;2;3
sweep_K25_sw9_lam1.0,25,9,1.0,1,model.input_blocks.1,56,144,0.28,6.16497522,2;2;4;2;4;4;3;4;4;3;4;4;4;2;2;2;3
sweep_K25_sw9_lam1.0,25,9,1.0,2,model.input_blocks.10,56,144,0.28,6.16497522,2;2;4;2;4;4;3;4;4;3;4;4;4;2;2;2;3
sweep_K25_sw9_lam1.0,25,9,1.0,3,model.input_blocks.11,56,144,0.28,6.16653347,2;2;4;2;4;4;3;4;4;3;4;4;4;2;2;2;3
sweep_K25_sw9_lam1.0,25,9,1.0,4,model.input_blocks.2,56,144,0.28,6.34262055,2;2;4;2;4;4;3;4;4;4;4;4;4;2;2;2;3
sweep_K25_sw9_lam1.0,25,9,1.0,5,model.input_blocks.3,56,144,0.28,6.31605313,2;2;4;2;4;4;3;4;4;4;4;4;4;2;2;2;3
sweep_K25_sw9_lam1.0,25,9,1.0,6,model.input_blocks.4,56,144,0.28,6.25893572,2;2;4;2;4;4;3;4;4;4;4;4;4;2;2;2;3
sweep_K25_sw9_lam1.0,25,9,1.0,7,model.input_blocks.5,56,144,0.28,6.16497522,2;2;4;2;4;4;3;4;4;3;4;4;4;2;2;2;3
sweep_K25_sw9_lam1.0,25,9,1.0,8,model.input_blocks.6,56,144,0.28,6.16497522,2;2;4;2;4;4;3;4;4;3;4;4;4;2;2;2;3
sweep_K25_sw9_lam1.0,25,9,1.0,9,model.input_blocks.7,56,144,0.28,6.24646436,2;2;4;2;4;4;3;4;4;3;4;4;4;2;2;2;3
sweep_K25_sw9_lam1.0,25,9,1.0,10,model.input_blocks.8,56,144,0.28,6.27636979,2;2;4;2;4;4;3;4;4;3;4;4;4;2;2;2;3
sweep_K25_sw9_lam1.0,25,9,1.0,11,model.input_blocks.9,56,144,0.28,6.3274581,2;2;4;2;4;4;3;4;4;4;4;4;4;2;2;2;3
sweep_K25_sw9_lam1.0,25,9,1.0,12,model.middle_block,56,144,0.28,6.25944768,2;2;4;2;4;4;3;4;4;3;4;4;4;2;2;2;3
sweep_K25_sw9_lam1.0,25,9,1.0,13,model.output_blocks.0,56,144,0.28,6.72675994,2;2;4;2;4;4;3;4;4;4;4;4;4;2;2;2;3
sweep_K25_sw9_lam1.0,25,9,1.0,14,model.output_blocks.1,56,144,0.28,6.28103361,2;2;4;2;4;4;3;4;4;4;4;4;4;2;2;2;3
sweep_K25_sw9_lam1.0,25,9,1.0,15,model.output_blocks.10,56,144,0.28,6.45810083,2;2;4;2;4;4;3;4;4;4;4;4;4;2;2;2;3
sweep_K25_sw9_lam1.0,25,9,1.0,16,model.output_blocks.11,57,143,0.285,6.94088179,2;2;4;2;4;4;3;4;4;4;4;4;4;2;2;2;2
sweep_K25_sw9_lam1.0,25,9,1.0,17,model.output_blocks.2,56,144,0.28,6.16497522,2;2;4;2;4;4;3;4;4;3;4;4;4;2;2;2;3
sweep_K25_sw9_lam1.0,25,9,1.0,18,model.output_blocks.3,56,144,0.28,6.16497522,2;2;4;2;4;4;3;4;4;3;4;4;4;2;2;2;3
sweep_K25_sw9_lam1.0,25,9,1.0,19,model.output_blocks.4,56,144,0.28,6.28374655,2;2;4;2;4;4;3;4;4;4;4;4;4;2;2;2;3
sweep_K25_sw9_lam1.0,25,9,1.0,20,model.output_blocks.5,56,144,0.28,6.42206304,2;2;4;2;4;4;3;4;4;4;4;4;4;2;2;2;3
sweep_K25_sw9_lam1.0,25,9,1.0,21,model.output_blocks.6,56,144,0.28,6.19589203,2;2;4;2;4;4;3;4;4;3;4;4;4;2;2;2;3
sweep_K25_sw9_lam1.0,25,9,1.0,22,model.output_blocks.7,56,144,0.28,6.44888352,2;2;4;2;4;4;3;4;4;4;4;4;4;2;2;2;3
sweep_K25_sw9_lam1.0,25,9,1.0,23,model.output_blocks.8,56,144,0.28,6.23008581,2;2;4;2;4;4;3;4;4;4;4;4;4;2;2;2;3
sweep_K25_sw9_lam1.0,25,9,1.0,24,model.output_blocks.9,56,144,0.28,6.53375693,2;2;4;2;4;4;3;4;4;4;4;4;4;2;2;2;3
sweep_K30_sw3_lam1.0,30,3,1.0,0,model.input_blocks.0,59,141,0.295,8.45871182,3;3;3;2;3;2;4;3;4;2;4;4;4;3;4;3;4;3;4;3;4;2;2;2
sweep_K30_sw3_lam1.0,30,3,1.0,1,model.input_blocks.1,59,141,0.295,8.45871182,3;3;3;2;3;2;4;3;4;2;4;4;4;3;4;3;4;3;4;3;4;2;2;2
sweep_K30_sw3_lam1.0,30,3,1.0,2,model.input_blocks.10,59,141,0.295,8.45871182,3;3;3;2;3;2;4;3;4;2;4;4;4;3;4;3;4;3;4;3;4;2;2;2
sweep_K30_sw3_lam1.0,30,3,1.0,3,model.input_blocks.11,59,141,0.295,8.46126659,3;3;3;2;4;2;4;3;4;2;4;4;4;3;4;3;4;3;4;3;4;2;2;2
sweep_K30_sw3_lam1.0,30,3,1.0,4,model.input_blocks.2,59,141,0.295,8.67947925,3;3;3;2;4;2;4;3;4;2;4;4;4;3;4;3;4;3;4;3;4;2;2;2
sweep_K30_sw3_lam1.0,30,3,1.0,5,model.input_blocks.3,59,141,0.295,8.652441,3;3;3;2;4;2;4;3;4;2;4;4;4;3;4;3;4;3;4;3;4;2;2;2
sweep_K30_sw3_lam1.0,30,3,1.0,6,model.input_blocks.4,59,141,0.295,8.58946985,3;3;3;2;4;2;4;3;4;2;4;4;4;3;4;3;4;3;4;3;4;2;2;2
sweep_K30_sw3_lam1.0,30,3,1.0,7,model.input_blocks.5,59,141,0.295,8.45871182,3;3;3;2;3;2;4;3;4;2;4;4;4;3;4;3;4;3;4;3;4;2;2;2
sweep_K30_sw3_lam1.0,30,3,1.0,8,model.input_blocks.6,59,141,0.295,8.45871182,3;3;3;2;3;2;4;3;4;2;4;4;4;3;4;3;4;3;4;3;4;2;2;2
sweep_K30_sw3_lam1.0,30,3,1.0,9,model.input_blocks.7,59,141,0.295,8.58195141,3;3;3;2;4;2;4;3;4;2;4;4;4;3;4;3;4;3;4;3;4;2;2;2
sweep_K30_sw3_lam1.0,30,3,1.0,10,model.input_blocks.8,59,141,0.295,8.63890163,4;3;3;2;4;2;4;3;4;2;4;4;4;3;4;3;4;3;4;3;4;2;2;2
sweep_K30_sw3_lam1.0,30,3,1.0,11,model.input_blocks.9,59,141,0.295,8.71067085,3;3;3;2;4;2;4;3;4;2;4;4;4;3;4;3;4;3;4;3;4;2;2;2
sweep_K30_sw3_lam1.0,30,3,1.0,12,model.middle_block,59,141,0.295,8.60970748,4;3;3;2;4;2;4;3;4;2;4;4;4;3;4;3;4;3;4;3;4;2;2;2
sweep_K30_sw3_lam1.0,30,3,1.0,13,model.output_blocks.0,59,141,0.295,9.38168853,3;3;3;2;4;2;4;3;4;2;4;4;4;3;4;3;4;3;4;3;4;2;2;2
sweep_K30_sw3_lam1.0,30,3,1.0,14,model.output_blocks.1,59,141,0.295,8.65044688,4;3;3;2;4;2;4;3;4;2;4;4;4;3;4;3;4;3;4;3;4;2;2;2
sweep_K30_sw3_lam1.0,30,3,1.0,15,model.output_blocks.10,59,141,0.295,9.04602078,3;3;3;2;4;2;4;3;4;2;4;4;4;3;4;3;4;3;4;3;4;2;2;2
sweep_K30_sw3_lam1.0,30,3,1.0,16,model.output_blocks.11,60,140,0.3,9.5381403,3;3;3;2;4;2;4;3;4;2;4;4;4;3;4;3;4;3;4;3;4;2;2;1
sweep_K30_sw3_lam1.0,30,3,1.0,17,model.output_blocks.2,59,141,0.295,8.45871182,3;3;3;2;3;2;4;3;4;2;4;4;4;3;4;3;4;3;4;3;4;2;2;2
sweep_K30_sw3_lam1.0,30,3,1.0,18,model.output_blocks.3,59,141,0.295,8.45871182,3;3;3;2;3;2;4;3;4;2;4;4;4;3;4;3;4;3;4;3;4;2;2;2
sweep_K30_sw3_lam1.0,30,3,1.0,19,model.output_blocks.4,59,141,0.295,8.6556947,3;3;3;2;4;2;4;3;4;2;4;4;4;3;4;3;4;3;4;3;4;2;2;2
sweep_K30_sw3_lam1.0,30,3,1.0,20,model.output_blocks.5,59,141,0.295,8.83105531,4;3;3;2;4;2;4;3;4;2;4;4;4;3;4;3;4;3;4;3;4;2;2;2
sweep_K30_sw3_lam1.0,30,3,1.0,21,model.output_blocks.6,59,141,0.295,8.50577468,3;3;3;2;4;2;4;3;4;2;4;4;4;3;4;3;4;3;4;3;4;2;2;2
sweep_K30_sw3_lam1.0,30,3,1.0,22,model.output_blocks.7,59,141,0.295,8.9255136,4;3;3;2;4;2;4;3;4;2;4;4;4;3;4;3;4;3;4;3;4;2;2;2
sweep_K30_sw3_lam1.0,30,3,1.0,23,model.output_blocks.8,59,141,0.295,8.5495603,3;3;3;2;4;2;4;3;4;2;4;4;4;4;4;3;4;3;4;3;4;2;2;2
sweep_K30_sw3_lam1.0,30,3,1.0,24,model.output_blocks.9,59,141,0.295,9.02294916,4;3;3;2;4;2;4;3;4;2;4;4;4;3;4;3;4;3;4;3;4;2;2;2
sweep_K30_sw5_lam1.0,30,5,1.0,0,model.input_blocks.0,59,141,0.295,7.80947571,4;4;3;4;3;4;3;3;4;4;4;4;3;4;4;3;4;3;4;2;2;2;2
sweep_K30_sw5_lam1.0,30,5,1.0,1,model.input_blocks.1,59,141,0.295,7.80947571,4;4;3;4;3;4;3;3;4;4;4;4;3;4;4;3;4;3;4;2;2;2;2
sweep_K30_sw5_lam1.0,30,5,1.0,2,model.input_blocks.10,59,141,0.295,7.80947571,4;4;3;4;3;4;3;3;4;4;4;4;3;4;4;3;4;3;4;2;2;2;2
sweep_K30_sw5_lam1.0,30,5,1.0,3,model.input_blocks.11,59,141,0.295,7.81199723,4;4;3;4;4;4;3;3;4;4;4;4;4;4;4;3;4;4;4;2;2;2;2
sweep_K30_sw5_lam1.0,30,5,1.0,4,model.input_blocks.2,59,141,0.295,8.03505642,4;4;3;4;4;4;3;3;4;4;4;4;4;4;4;3;4;3;4;2;2;2;2
sweep_K30_sw5_lam1.0,30,5,1.0,5,model.input_blocks.3,59,141,0.295,8.01210402,4;4;3;4;4;4;3;3;4;4;4;4;4;4;4;3;4;4;4;2;2;2;2
sweep_K30_sw5_lam1.0,30,5,1.0,6,model.input_blocks.4,59,141,0.295,7.94436107,4;4;4;4;4;4;3;4;4;4;4;4;4;4;4;4;4;4;4;2;2;2;2
sweep_K30_sw5_lam1.0,30,5,1.0,7,model.input_blocks.5,59,141,0.295,7.80947571,4;4;3;4;3;4;3;3;4;4;4;4;3;4;4;3;4;3;4;2;2;2;2
sweep_K30_sw5_lam1.0,30,5,1.0,8,model.input_blocks.6,59,141,0.295,7.80947571,4;4;3;4;3;4;3;3;4;4;4;4;3;4;4;3;4;3;4;2;2;2;2
sweep_K30_sw5_lam1.0,30,5,1.0,9,model.input_blocks.7,59,141,0.295,7.93102709,4;4;4;4;4;4;3;3;4;4;4;4;4;4;4;4;4;3;4;2;2;2;2
sweep_K30_sw5_lam1.0,30,5,1.0,10,model.input_blocks.8,59,141,0.295,7.9784977,4;4;4;4;4;4;3;3;4;4;4;4;4;4;4;4;4;3;4;2;2;2;2
sweep_K30_sw5_lam1.0,30,5,1.0,11,model.input_blocks.9,59,141,0.295,8.05411968,4;4;4;4;4;4;3;3;4;4;4;4;3;4;4;4;4;3;4;2;2;2;2
sweep_K30_sw5_lam1.0,30,5,1.0,12,model.middle_block,59,141,0.295,7.9511818,4;4;4;4;3;4;3;3;4;4;4;4;4;4;4;3;4;4;4;2;2;2;2
sweep_K30_sw5_lam1.0,30,5,1.0,13,model.output_blocks.0,59,141,0.295,8.68168528,4;4;4;4;4;4;3;4;4;4;4;4;4;4;4;3;4;3;4;2;2;2;2
sweep_K30_sw5_lam1.0,30,5,1.0,14,model.output_blocks.1,59,141,0.295,7.98971559,4;4;4;4;4;4;3;4;4;4;4;4;4;4;4;4;4;3;4;2;2;2;2
sweep_K30_sw5_lam1.0,30,5,1.0,15,model.output_blocks.10,59,141,0.295,8.31597503,4;4;4;4;4;4;3;3;4;4;4;4;4;4;4;4;4;3;4;2;2;2;2
sweep_K30_sw5_lam1.0,30,5,1.0,16,model.output_blocks.11,60,140,0.3,8.81903387,4;4;3;4;4;4;3;4;4;4;4;4;4;4;4;4;4;3;4;2;2;2;1
sweep_K30_sw5_lam1.0,30,5,1.0,17,model.output_blocks.2,59,141,0.295,7.80947571,4;4;3;4;3;4;3;3;4;4;4;4;3;4;4;3;4;3;4;2;2;2;2
sweep_K30_sw5_lam1.0,30,5,1.0,18,model.output_blocks.3,59,141,0.295,7.80947571,4;4;3;4;3;4;3;3;4;4;4;4;3;4;4;3;4;3;4;2;2;2;2
sweep_K30_sw5_lam1.0,30,5,1.0,19,model.output_blocks.4,59,141,0.295,7.98888337,4;4;4;4;4;4;3;4;4;4;4;4;4;4;4;3;4;3;4;2;2;2;2
sweep_K30_sw5_lam1.0,30,5,1.0,20,model.output_blocks.5,59,141,0.295,8.16139396,4;4;4;4;4;4;3;3;4;4;4;4;4;4;4;3;4;3;4;2;2;2;2
sweep_K30_sw5_lam1.0,30,5,1.0,21,model.output_blocks.6,59,141,0.295,7.8549282,4;4;4;4;4;4;3;3;4;4;4;4;4;4;4;3;4;4;4;2;2;2;2
sweep_K30_sw5_lam1.0,30,5,1.0,22,model.output_blocks.7,59,141,0.295,8.22537491,4;4;4;4;4;4;3;3;4;4;4;4;4;4;4;3;4;3;4;2;2;2;2
sweep_K30_sw5_lam1.0,30,5,1.0,23,model.output_blocks.8,59,141,0.295,7.90129832,4;4;4;4;3;4;3;3;4;4;4;4;4;4;4;4;4;3;4;2;2;2;2
sweep_K30_sw5_lam1.0,30,5,1.0,24,model.output_blocks.9,59,141,0.295,8.39198395,4;4;3;4;4;4;3;3;4;4;4;4;3;4;4;4;4;3;4;2;2;2;2
sweep_K30_sw9_lam1.0,30,9,1.0,0,model.input_blocks.0,60,140,0.3,8.42538462,2;2;4;2;3;3;4;3;4;4;2;4;4;4;3;4;4;2;2;2;2;2
sweep_K30_sw9_lam1.0,30,9,1.0,1,model.input_blocks.1,60,140,0.3,8.42538462,2;2;4;2;3;3;4;3;4;4;2;4;4;4;3;4;4;2;2;2;2;2
sweep_K30_sw9_lam1.0,30,9,1.0,2,model.input_blocks.10,60,140,0.3,8.42538462,2;2;4;2;3;3;4;3;4;4;2;4;4;4;3;4;4;2;2;2;2;2
sweep_K30_sw9_lam1.0,30,9,1.0,3,model.input_blocks.11,60,140,0.3,8.42741516,2;2;4;2;3;4;4;3;4;4;2;4;4;4;3;4;4;2;2;2;2;2
sweep_K30_sw9_lam1.0,30,9,1.0,4,model.input_blocks.2,60,140,0.3,8.64191527,2;2;4;2;3;4;4;3;4;4;2;4;4;4;3;4;4;2;2;2;2;2
sweep_K30_sw9_lam1.0,30,9,1.0,5,model.input_blocks.3,60,140,0.3,8.61376184,2;2;4;2;3;4;4;3;4;4;2;4;4;4;3;4;4;2;2;2;2;2
sweep_K30_sw9_lam1.0,30,9,1.0,6,model.input_blocks.4,60,140,0.3,8.54620363,2;2;4;2;3;4;4;3;4;4;2;4;4;4;3;4;4;2;2;2;2;2
sweep_K30_sw9_lam1.0,30,9,1.0,7,model.input_blocks.5,60,140,0.3,8.42538462,2;2;4;2;3;3;4;3;4;4;2;4;4;4;3;4;4;2;2;2;2;2
sweep_K30_sw9_lam1.0,30,9,1.0,8,model.input_blocks.6,60,140,0.3,8.42538462,2;2;4;2;3;3;4;3;4;4;2;4;4;4;3;4;4;2;2;2;2;2
sweep_K30_sw9_lam1.0,30,9,1.0,9,model.input_blocks.7,60,140,0.3,8.52841762,2;2;4;2;3;4;4;3;4;4;2;4;4;4;4;4;4;2;2;2;2;2
sweep_K30_sw9_lam1.0,30,9,1.0,10,model.input_blocks.8,60,140,0.3,8.56879482,2;2;4;2;3;4;4;3;4;4;2;4;4;4;4;4;4;2;2;2;2;2
sweep_K30_sw9_lam1.0,30,9,1.0,11,model.input_blocks.9,60,140,0.3,8.6331577,2;2;4;2;3;4;4;3;4;4;2;4;4;4;3;4;4;2;2;2;2;2
sweep_K30_sw9_lam1.0,30,9,1.0,12,model.middle_block,60,140,0.3,8.54736368,2;2;4;2;3;4;4;3;4;4;2;4;4;4;3;4;4;2;2;2;2;2
sweep_K30_sw9_lam1.0,30,9,1.0,13,model.output_blocks.0,60,140,0.3,9.15051709,2;2;4;2;3;4;4;3;4;4;2;4;4;4;4;4;4;2;2;2;2;2
sweep_K30_sw9_lam1.0,30,9,1.0,14,model.output_blocks.1,60,140,0.3,8.58205228,2;2;4;2;3;4;4;3;4;4;2;4;4;4;3;4;4;2;2;2;2;2
sweep_K30_sw9_lam1.0,30,9,1.0,15,model.output_blocks.10,60,140,0.3,8.78837992,2;2;4;2;3;4;4;3;4;4;2;4;4;4;4;4;4;2;2;2;2;2
sweep_K30_sw9_lam1.0,30,9,1.0,16,model.output_blocks.11,61,139,0.305,9.38803433,2;2;4;2;3;4;4;3;4;4;2;4;4;4;3;4;4;2;2;2;2;1
sweep_K30_sw9_lam1.0,30,9,1.0,17,model.output_blocks.2,60,140,0.3,8.42538462,2;2;4;2;3;3;4;3;4;4;2;4;4;4;3;4;4;2;2;2;2;2
sweep_K30_sw9_lam1.0,30,9,1.0,18,model.output_blocks.3,60,140,0.3,8.42538462,2;2;4;2;3;3;4;3;4;4;2;4;4;4;3;4;4;2;2;2;2;2
sweep_K30_sw9_lam1.0,30,9,1.0,19,model.output_blocks.4,60,140,0.3,8.57768023,2;2;4;2;3;4;4;3;4;4;2;4;4;4;4;4;4;2;2;2;2;2
sweep_K30_sw9_lam1.0,30,9,1.0,20,model.output_blocks.5,60,140,0.3,8.74214566,2;2;4;2;3;4;4;3;4;4;2;4;4;4;3;4;4;2;2;2;2;2
sweep_K30_sw9_lam1.0,30,9,1.0,21,model.output_blocks.6,60,140,0.3,8.46596623,2;2;4;2;3;4;4;3;4;4;2;4;4;4;3;4;4;2;2;2;2;2
sweep_K30_sw9_lam1.0,30,9,1.0,22,model.output_blocks.7,60,140,0.3,8.80588055,2;2;4;2;3;4;4;3;4;4;2;4;4;4;3;4;4;2;2;2;2;2
sweep_K30_sw9_lam1.0,30,9,1.0,23,model.output_blocks.8,60,140,0.3,8.50388301,2;2;4;2;3;4;4;3;4;4;2;4;4;4;3;4;4;2;2;2;2;2
sweep_K30_sw9_lam1.0,30,9,1.0,24,model.output_blocks.9,60,140,0.3,8.91562819,2;2;4;2;3;4;4;3;4;4;2;4;4;4;3;4;4;2;2;2;2;2
sweep_K35_sw3_lam1.0,35,3,1.0,0,model.input_blocks.0,60,140,0.3,9.79554166,3;3;3;2;3;2;4;3;4;3;2;4;2;2;4;3;4;4;3;4;3;4;3;4;2;2;2
sweep_K35_sw3_lam1.0,35,3,1.0,1,model.input_blocks.1,60,140,0.3,9.79554166,3;3;3;2;3;2;4;3;4;3;2;4;2;2;4;3;4;4;3;4;3;4;3;4;2;2;2
sweep_K35_sw3_lam1.0,35,3,1.0,2,model.input_blocks.10,60,140,0.3,9.79554166,3;3;3;2;3;2;4;3;4;3;2;4;2;2;4;3;4;4;3;4;3;4;3;4;2;2;2
sweep_K35_sw3_lam1.0,35,3,1.0,3,model.input_blocks.11,60,140,0.3,9.79836683,3;3;3;2;4;2;4;3;4;3;2;4;2;2;4;3;4;4;3;4;3;4;3;4;2;2;2
sweep_K35_sw3_lam1.0,35,3,1.0,4,model.input_blocks.2,60,140,0.3,10.02782985,3;3;3;2;4;2;4;3;4;3;2;4;2;2;4;3;4;4;3;4;3;4;3;4;2;2;2
sweep_K35_sw3_lam1.0,35,3,1.0,5,model.input_blocks.3,60,140,0.3,10.00997286,3;3;3;2;4;2;4;3;4;3;2;4;2;2;4;3;4;4;3;4;3;4;3;4;2;2;2
sweep_K35_sw3_lam1.0,35,3,1.0,6,model.input_blocks.4,60,140,0.3,9.93814687,3;3;3;2;4;2;4;3;4;3;2;4;2;2;4;3;4;4;3;4;3;4;3;4;2;2;2
sweep_K35_sw3_lam1.0,35,3,1.0,7,model.input_blocks.5,60,140,0.3,9.79554166,3;3;3;2;3;2;4;3;4;3;2;4;2;2;4;3;4;4;3;4;3;4;3;4;2;2;2
sweep_K35_sw3_lam1.0,35,3,1.0,8,model.input_blocks.6,60,140,0.3,9.79554166,3;3;3;2;3;2;4;3;4;3;2;4;2;2;4;3;4;4;3;4;3;4;3;4;2;2;2
sweep_K35_sw3_lam1.0,35,3,1.0,9,model.input_blocks.7,60,140,0.3,9.93250651,3;3;3;2;4;2;4;3;4;3;2;4;2;2;4;3;4;4;3;4;3;4;3;4;2;2;2
sweep_K35_sw3_lam1.0,35,3,1.0,10,model.input_blocks.8,60,140,0.3,9.99799086,4;3;3;2;4;2;4;3;4;3;2;4;2;2;4;3;4;4;3;4;3;4;3;4;2;2;2
sweep_K35_sw3_lam1.0,35,3,1.0,11,model.input_blocks.9,60,140,0.3,10.07318382,3;3;3;2;4;2;4;3;4;3;2;4;2;2;4;3;4;4;3;4;3;4;3;4;2;2;2
sweep_K35_sw3_lam1.0,35,3,1.0,12,model.middle_block,60,140,0.3,9.96396151,4;3;3;2;4;2;4;3;4;3;2;4;2;2;4;3;4;4;3;4;3;4;3;4;2;2;2
sweep_K35_sw3_lam1.0,35,3,1.0,13,model.output_blocks.0,60,140,0.3,10.81269352,3;3;3;2;4;2;4;3;4;3;2;4;2;2;4;3;4;4;3;4;3;4;3;4;2;2;2
sweep_K35_sw3_lam1.0,35,3,1.0,14,model.output_blocks.1,60,140,0.3,10.00460092,4;3;3;2;4;2;4;3;4;3;2;4;2;2;4;3;4;4;3;4;3;4;3;4;2;2;2
sweep_K35_sw3_lam1.0,35,3,1.0,15,model.output_blocks.10,60,140,0.3,10.42021044,3;3;3;2;4;2;4;3;4;3;2;4;2;2;4;3;4;4;3;4;3;4;3;4;2;2;2
sweep_K35_sw3_lam1.0,35,3,1.0,16,model.output_blocks.11,61,139,0.305,10.91330733,3;3;3;2;4;2;4;3;4;3;2;4;2;2;4;3;4;4;3;4;3;4;3;4;2;2;1
sweep_K35_sw3_lam1.0,35,3,1.0,17,model.output_blocks.2,60,140,0.3,9.79554166,3;3;3;2;3;2;4;3;4;3;2;4;2;2;4;3;4;4;3;4;3;4;3;4;2;2;2
sweep_K35_sw3_lam1.0,35,3,1.0,18,model.output_blocks.3,60,140,0.3,9.79554166,3;3;3;2;3;2;4;3;4;3;2;4;2;2;4;3;4;4;3;4;3;4;3;4;2;2;2
sweep_K35_sw3_lam1.0,35,3,1.0,19,model.output_blocks.4,60,140,0.3,10.01207646,3;3;3;2;4;2;4;3;4;3;2;4;2;2;4;3;4;4;3;4;3;4;3;4;2;2;2
sweep_K35_sw3_lam1.0,35,3,1.0,20,model.output_blocks.5,60,140,0.3,10.2122581,4;3;3;2;4;2;4;3;4;3;2;4;2;2;4;3;4;4;3;4;3;4;3;4;2;2;2
sweep_K35_sw3_lam1.0,35,3,1.0,21,model.output_blocks.6,60,140,0.3,9.84751933,3;3;3;2;4;2;4;3;4;3;2;4;2;2;4;3;4;4;3;4;3;4;3;4;2;2;2
sweep_K35_sw3_lam1.0,35,3,1.0,22,model.output_blocks.7,60,140,0.3,10.3028792,4;3;3;2;4;2;4;3;4;3;2;4;2;2;4;3;4;4;3;4;3;4;3;4;2;2;2
sweep_K35_sw3_lam1.0,35,3,1.0,23,model.output_blocks.8,60,140,0.3,9.89575414,3;3;3;2;4;2;4;3;4;3;2;4;2;2;4;4;4;4;3;4;3;4;3;4;2;2;2
sweep_K35_sw3_lam1.0,35,3,1.0,24,model.output_blocks.9,60,140,0.3,10.44410663,4;3;3;2;4;2;4;3;4;3;2;4;2;2;4;3;4;4;3;4;3;4;3;4;2;2;2
sweep_K35_sw5_lam1.0,35,5,1.0,0,model.input_blocks.0,62,138,0.31,9.37026002,3;2;4;3;4;3;4;3;3;4;3;3;4;3;4;4;3;4;3;4;3;4;2;2;2;2
sweep_K35_sw5_lam1.0,35,5,1.0,1,model.input_blocks.1,62,138,0.31,9.37026002,3;2;4;3;4;3;4;3;3;4;3;3;4;3;4;4;3;4;3;4;3;4;2;2;2;2
sweep_K35_sw5_lam1.0,35,5,1.0,2,model.input_blocks.10,62,138,0.31,9.37026002,3;2;4;3;4;3;4;3;3;4;3;3;4;3;4;4;3;4;3;4;3;4;2;2;2;2
sweep_K35_sw5_lam1.0,35,5,1.0,3,model.input_blocks.11,62,138,0.31,9.37296076,3;2;4;3;4;4;4;3;3;4;3;4;4;4;4;4;3;4;3;4;4;4;2;2;2;2
sweep_K35_sw5_lam1.0,35,5,1.0,4,model.input_blocks.2,62,138,0.31,9.60488532,3;2;4;3;4;4;4;3;3;4;3;3;4;4;4;4;4;4;3;4;3;4;2;2;2;2
sweep_K35_sw5_lam1.0,35,5,1.0,5,model.input_blocks.3,62,138,0.31,9.58776439,3;2;4;3;4;4;4;3;3;4;3;3;4;4;4;4;4;4;3;4;4;4;2;2;2;2
sweep_K35_sw5_lam1.0,35,5,1.0,6,model.input_blocks.4,62,138,0.31,9.51126909,3;2;4;4;4;4;4;3;4;4;3;3;4;4;4;4;4;4;4;4;4;4;2;2;2;2
sweep_K35_sw5_lam1.0,35,5,1.0,7,model.input_blocks.5,62,138,0.31,9.37026002,3;2;4;3;4;3;4;3;3;4;3;3;4;3;4;4;3;4;3;4;3;4;2;2;2;2
sweep_K35_sw5_lam1.0,35,5,1.0,8,model.input_blocks.6,62,138,0.31,9.37026002,3;2;4;3;4;3;4;3;3;4;3;3;4;3;4;4;3;4;3;4;3;4;2;2;2;2
sweep_K35_sw5_lam1.0,35,5,1.0,9,model.input_blocks.7,62,138,0.31,9.49870041,3;2;4;4;4;4;4;3;3;4;3;4;4;4;4;4;4;4;4;4;3;4;2;2;2;2
sweep_K35_sw5_lam1.0,35,5,1.0,10,model.input_blocks.8,62,138,0.31,9.55442197,3;2;4;4;4;4;4;3;3;4;3;4;4;4;4;4;3;4;4;4;3;4;2;2;2;2
sweep_K35_sw5_lam1.0,35,5,1.0,11,model.input_blocks.9,62,138,0.31,9.63115932,3;2;4;4;4;4;4;3;3;4;3;4;4;3;4;4;4;4;4;4;3;4;2;2;2;2
sweep_K35_sw5_lam1.0,35,5,1.0,12,model.middle_block,62,138,0.31,9.52335721,3;2;4;4;4;3;4;3;3;4;3;4;4;4;4;4;4;4;3;4;4;4;2;2;2;2
sweep_K35_sw5_lam1.0,35,5,1.0,13,model.output_blocks.0,62,138,0.31,10.31636084,3;2;4;4;4;4;4;3;4;4;3;3;4;4;4;4;4;4;3;4;3;4;2;2;2;2
sweep_K35_sw5_lam1.0,35,5,1.0,14,model.output_blocks.1,62,138,0.31,9.56748636,3;2;4;4;4;4;4;3;4;4;3;3;4;4;4;4;4;4;4;4;3;4;2;2;2;2
sweep_K35_sw5_lam1.0,35,5,1.0,15,model.output_blocks.10,62,138,0.31,9.89760177,3;2;4;4;4;4;4;3;3;4;3;3;4;4;4;4;4;4;4;4;3;4;2;2;2;2
sweep_K35_sw5_lam1.0,35,5,1.0,16,model.output_blocks.11,63,137,0.315,10.43299676,3;2;4;3;4;4;4;3;4;4;3;3;4;4;4;4;3;4;4;4;3;4;2;2;2;1
sweep_K35_sw5_lam1.0,35,5,1.0,17,model.output_blocks.2,62,138,0.31,9.37026002,3;2;4;3;4;3;4;3;3;4;3;3;4;3;4;4;3;4;3;4;3;4;2;2;2;2
sweep_K35_sw5_lam1.0,35,5,1.0,18,model.output_blocks.3,62,138,0.31,9.37026002,3;2;4;3;4;3;4;3;3;4;3;3;4;3;4;4;3;4;3;4;3;4;2;2;2;2
sweep_K35_sw5_lam1.0,35,5,1.0,19,model.output_blocks.4,62,138,0.31,9.56593445,3;2;4;4;4;4;4;3;4;4;3;3;4;4;4;4;4;4;3;4;3;4;2;2;2;2
sweep_K35_sw5_lam1.0,35,5,1.0,20,model.output_blocks.5,62,138,0.31,9.74370077,3;2;4;4;4;4;4;3;3;4;3;3;4;4;4;4;4;4;3;4;3;4;2;2;2;2
sweep_K35_sw5_lam1.0,35,5,1.0,21,model.output_blocks.6,62,138,0.31,9.41704291,3;2;4;4;4;4;4;3;3;4;3;4;4;4;4;4;4;4;3;4;4;4;2;2;2;2
sweep_K35_sw5_lam1.0,35,5,1.0,22,model.output_blocks.7,62,138,0.31,9.81813445,3;2;4;4;4;4;4;3;3;4;3;4;4;4;4;4;4;4;3;4;3;4;2;2;2;2
sweep_K35_sw5_lam1.0,35,5,1.0,23,model.output_blocks.8,62,138,0.31,9.46891601,3;2;4;4;4;3;4;3;3;4;3;3;4;4;4;4;4;4;4;4;3;4;2;2;2;2
sweep_K35_sw5_lam1.0,35,5,1.0,24,model.output_blocks.9,62,138,0.31,9.9481161,3;2;4;3;4;4;4;3;3;4;3;3;4;3;4;4;4;4;4;4;3;4;2;2;2;2
sweep_K35_sw9_lam1.0,35,9,1.0,0,model.input_blocks.0,60,140,0.3,9.46001142,2;2;2;2;2;3;3;4;4;3;4;4;3;2;4;4;4;3;4;4;2;2;2;2;3
sweep_K35_sw9_lam1.0,35,9,1.0,1,model.input_blocks.1,60,140,0.3,9.46001142,2;2;2;2;2;3;3;4;4;3;4;4;3;2;4;4;4;3;4;4;2;2;2;2;3
sweep_K35_sw9_lam1.0,35,9,1.0,2,model.input_blocks.10,60,140,0.3,9.46001142,2;2;2;2;2;3;3;4;4;3;4;4;3;2;4;4;4;3;4;4;2;2;2;2;3
sweep_K35_sw9_lam1.0,35,9,1.0,3,model.input_blocks.11,60,140,0.3,9.46228783,2;2;2;2;2;3;4;4;4;3;4;4;3;2;4;4;4;3;4;4;2;2;2;2;3
sweep_K35_sw9_lam1.0,35,9,1.0,4,model.input_blocks.2,60,140,0.3,9.67555597,2;2;2;2;2;3;4;4;4;3;4;4;3;2;4;4;4;3;4;4;2;2;2;2;3
sweep_K35_sw9_lam1.0,35,9,1.0,5,model.input_blocks.3,60,140,0.3,9.65498628,2;2;2;2;2;3;4;4;4;3;4;4;3;2;4;4;4;3;4;4;2;2;2;2;3
sweep_K35_sw9_lam1.0,35,9,1.0,6,model.input_blocks.4,60,140,0.3,9.5803816,2;2;2;2;2;3;4;4;4;3;4;4;3;2;4;4;4;3;4;4;2;2;2;2;3
sweep_K35_sw9_lam1.0,35,9,1.0,7,model.input_blocks.5,60,140,0.3,9.46001142,2;2;2;2;2;3;3;4;4;3;4;4;3;2;4;4;4;3;4;4;2;2;2;2;3
sweep_K35_sw9_lam1.0,35,9,1.0,8,model.input_blocks.6,60,140,0.3,9.46001142,2;2;2;2;2;3;3;4;4;3;4;4;3;2;4;4;4;3;4;4;2;2;2;2;3
sweep_K35_sw9_lam1.0,35,9,1.0,9,model.input_blocks.7,60,140,0.3,9.57830349,2;2;2;2;2;3;4;4;4;3;4;4;3;2;4;4;4;4;4;4;2;2;2;2;3
sweep_K35_sw9_lam1.0,35,9,1.0,10,model.input_blocks.8,60,140,0.3,9.6249599,2;2;2;2;2;3;4;4;4;3;4;4;3;2;4;4;4;4;4;4;2;2;2;2;3
sweep_K35_sw9_lam1.0,35,9,1.0,11,model.input_blocks.9,60,140,0.3,9.69556027,2;2;2;2;2;3;4;4;4;3;4;4;3;2;4;4;4;3;4;4;2;2;2;2;3
sweep_K35_sw9_lam1.0,35,9,1.0,12,model.middle_block,60,140,0.3,9.59546422,2;2;2;2;2;3;4;4;4;3;4;4;3;2;4;4;4;3;4;4;2;2;2;2;3
sweep_K35_sw9_lam1.0,35,9,1.0,13,model.output_blocks.0,60,140,0.3,10.26507522,2;2;2;2;2;3;4;4;4;3;4;4;3;2;4;4;4;4;4;4;2;2;2;2;3
sweep_K35_sw9_lam1.0,35,9,1.0,14,model.output_blocks.1,60,140,0.3,9.62815448,2;2;2;2;2;3;4;4;4;3;4;4;3;2;4;4;4;3;4;4;2;2;2;2;3
sweep_K35_sw9_lam1.0,35,9,1.0,15,model.output_blocks.10,60,140,0.3,9.82796972,2;2;2;2;2;3;4;4;4;3;4;4;3;2;4;4;4;4;4;4;2;2;2;2;3
sweep_K35_sw9_lam1.0,35,9,1.0,16,model.output_blocks.11,61,139,0.305,10.39504777,2;2;2;2;2;3;4;4;4;3;4;4;3;2;4;4;4;3;4;4;2;2;2;2;2
sweep_K35_sw9_lam1.0,35,9,1.0,17,model.output_blocks.2,60,140,0.3,9.46001142,2;2;2;2;2;3;3;4;4;3;4;4;3;2;4;4;4;3;4;4;2;2;2;2;3
sweep_K35_sw9_lam1.0,35,9,1.0,18,model.output_blocks.3,60,140,0.3,9.46001142,2;2;2;2;2;3;3;4;4;3;4;4;3;2;4;4;4;3;4;4;2;2;2;2;3
sweep_K35_sw9_lam1.0,35,9,1.0,19,model.output_blocks.4,60,140,0.3,9.63735775,2;2;2;2;2;3;4;4;4;3;4;4;3;2;4;4;4;4;4;4;2;2;2;2;3
sweep_K35_sw9_lam1.0,35,9,1.0,20,model.output_blocks.5,60,140,0.3,9.84206035,2;2;2;2;2;3;4;4;4;3;4;4;3;2;4;4;4;3;4;4;2;2;2;2;3
sweep_K35_sw9_lam1.0,35,9,1.0,21,model.output_blocks.6,60,140,0.3,9.50679483,2;2;2;2;2;3;4;4;4;3;4;4;3;2;4;4;4;3;4;4;2;2;2;2;3
sweep_K35_sw9_lam1.0,35,9,1.0,22,model.output_blocks.7,60,140,0.3,9.88888066,2;2;2;2;2;3;4;4;4;3;4;4;3;2;4;4;4;3;4;4;2;2;2;2;3
sweep_K35_sw9_lam1.0,35,9,1.0,23,model.output_blocks.8,60,140,0.3,9.55426126,2;2;2;2;2;3;4;4;4;3;4;4;3;2;4;4;4;3;4;4;2;2;2;2;3
sweep_K35_sw9_lam1.0,35,9,1.0,24,model.output_blocks.9,60,140,0.3,9.98103185,2;2;2;2;2;3;4;4;4;3;4;4;3;2;4;4;4;3;4;4;2;2;2;2;3
